{
  "llama3_instruct": {
    "triviaqa": {
      "0.1": {
        "d_a_ci": [
          1.3179074849421675,
          1.559848548950648
        ],
        "d_a_se": 0.10974159152744568,
        "c_ci": [
          -2.8765623536755225,
          -2.7997577963084646
        ],
        "auc_ci": [
          0.7264762710879732,
          0.7500833937153242
        ],
        "n_converged": 10000,
        "n_bootstrap": 10000
      },
      "0.3": {
        "d_a_ci": [
          1.310543519474119,
          1.5321145431531362
        ],
        "d_a_se": 0.102990142115137,
        "c_ci": [
          -2.8767929991212315,
          -2.76229226995618
        ],
        "auc_ci": [
          0.7336839020079764,
          0.7577079620574142
        ],
        "n_converged": 10000,
        "n_bootstrap": 10000
      },
      "0.5": {
        "d_a_ci": [
          1.2668947970617583,
          1.4756423742539289
        ],
        "d_a_se": 0.09878130151080745,
        "c_ci": [
          -2.7338285793283705,
          -2.5597584540960563
        ],
        "auc_ci": [
          0.735109213273518,
          0.7596603317220255
        ],
        "n_converged": 9999,
        "n_bootstrap": 10000
      },
      "0.7": {
        "d_a_ci": [
          1.35242669846764,
          1.540668937573744
        ],
        "d_a_se": 0.09517014498407034,
        "c_ci": [
          -2.5990608713799337,
          -2.478265088759274
        ],
        "auc_ci": [
          0.7596177221098616,
          0.7834165449648266
        ],
        "n_converged": 10000,
        "n_bootstrap": 10000
      },
      "1.0": {
        "d_a_ci": [
          1.308379652536623,
          1.4786414840576143
        ],
        "d_a_se": 0.04386256175734157,
        "c_ci": [
          -2.4944775449884005,
          -2.3181169825640167
        ],
        "auc_ci": [
          0.761286194762811,
          0.7851812890621813
        ],
        "n_converged": 10000,
        "n_bootstrap": 10000
      },
      "1.5": {
        "d_a_ci": [
          1.366036745126888,
          1.5296004810904773
        ],
        "d_a_se": 0.06315250412177432,
        "c_ci": [
          -2.2796163716067985,
          -2.106853705197829
        ],
        "auc_ci": [
          0.7831554201585438,
          0.8063392105364429
        ],
        "n_converged": 10000,
        "n_bootstrap": 10000
      },
      "2.0": {
        "d_a_ci": [
          1.4190728688901326,
          1.5810556930181232
        ],
        "d_a_se": 0.04110956113135442,
        "c_ci": [
          -2.1607115385734725,
          -1.9926531547487532
        ],
        "auc_ci": [
          0.7974715926928229,
          0.8203022436547013
        ],
        "n_converged": 10000,
        "n_bootstrap": 10000
      }
    },
    "nq": {
      "0.1": {
        "d_a_ci": [
          0.6370776630184583,
          0.9651492462642823
        ],
        "d_a_se": 0.1788759103431753,
        "c_ci": [
          -2.6551039905488403,
          -2.540648404887264
        ],
        "auc_ci": [
          0.6335529009152167,
          0.6650264604216253
        ],
        "n_converged": 9995,
        "n_bootstrap": 10000
      },
      "0.3": {
        "d_a_ci": [
          0.692903869197644,
          1.039284092321868
        ],
        "d_a_se": 0.22544858147344082,
        "c_ci": [
          -2.624602643302752,
          -2.4946043968071065
        ],
        "auc_ci": [
          0.6394899575843732,
          0.671670875559659
        ],
        "n_converged": 9995,
        "n_bootstrap": 10000
      },
      "0.5": {
        "d_a_ci": [
          0.8530498078632571,
          1.2353197854246996
        ],
        "d_a_se": 0.17956959238829814,
        "c_ci": [
          -2.5951017777147114,
          -2.44265237583494
        ],
        "auc_ci": [
          0.6597430797605464,
          0.6931849825724066
        ],
        "n_converged": 9997,
        "n_bootstrap": 10000
      },
      "0.7": {
        "d_a_ci": [
          0.9539321593624587,
          1.2689377793604095
        ],
        "d_a_se": 0.13785809017460235,
        "c_ci": [
          -2.5171543068700526,
          -2.3770677069075345
        ],
        "auc_ci": [
          0.6832357336561253,
          0.7157643479272756
        ],
        "n_converged": 10000,
        "n_bootstrap": 10000
      },
      "1.0": {
        "d_a_ci": [
          1.1709985244307264,
          1.546111300466928
        ],
        "d_a_se": 0.11859946954411874,
        "c_ci": [
          -2.4499181256473417,
          -2.314389805485175
        ],
        "auc_ci": [
          0.7039818253895356,
          0.7391538283185479
        ],
        "n_converged": 9999,
        "n_bootstrap": 10000
      },
      "1.5": {
        "d_a_ci": [
          1.080483695512309,
          1.382318207644225
        ],
        "d_a_se": 0.10108792756816991,
        "c_ci": [
          -2.3511855550575733,
          -2.23002313765459
        ],
        "auc_ci": [
          0.7130813218425498,
          0.7503186600828754
        ],
        "n_converged": 9998,
        "n_bootstrap": 10000
      },
      "2.0": {
        "d_a_ci": [
          1.0376754779519832,
          1.312254635078109
        ],
        "d_a_se": 0.08678322685932956,
        "c_ci": [
          -2.2811032441810446,
          -2.1232020064353967
        ],
        "auc_ci": [
          0.7147800630434207,
          0.7529890727900068
        ],
        "n_converged": 10000,
        "n_bootstrap": 10000
      }
    }
  },
  "mistral_instruct": {
    "triviaqa": {
      "0.1": {
        "d_a_ci": [
          1.5059028261368195,
          4.5491709992994664
        ],
        "d_a_se": 0.5728980955412176,
        "c_ci": [
          -2.8773555408278693,
          -2.8773555408278693
        ],
        "auc_ci": [
          0.6102562897749471,
          0.6293976336476775
        ],
        "n_converged": 9998,
        "n_bootstrap": 10000
      },
      "0.3": {
        "d_a_ci": [
          1.389663989215411,
          2.2881687311130117
        ],
        "d_a_se": 0.48336199689723913,
        "c_ci": [
          -2.877169354881891,
          -2.877169354881891
        ],
        "auc_ci": [
          0.6243675727336586,
          0.6442634137057308
        ],
        "n_converged": 10000,
        "n_bootstrap": 10000
      },
      "0.5": {
        "d_a_ci": [
          1.7259860925532033,
          2.5697169860682405
        ],
        "d_a_se": 0.3822718905255696,
        "c_ci": [
          -2.8767377327306747,
          -2.8018003276638126
        ],
        "auc_ci": [
          0.6540434042544958,
          0.674347138997568
        ],
        "n_converged": 9998,
        "n_bootstrap": 10000
      },
      "0.7": {
        "d_a_ci": [
          1.738862904355273,
          2.4113296754581466
        ],
        "d_a_se": 0.2687989464717335,
        "c_ci": [
          -2.8764892389865624,
          -2.76481792154417
        ],
        "auc_ci": [
          0.6769179185588742,
          0.6980079915089612
        ],
        "n_converged": 9999,
        "n_bootstrap": 10000
      },
      "1.0": {
        "d_a_ci": [
          1.7365973503335457,
          2.314966006349441
        ],
        "d_a_se": 0.19785313105009936,
        "c_ci": [
          -2.7816854391718224,
          -2.6071308245653695
        ],
        "auc_ci": [
          0.7018995251713956,
          0.7237791815160373
        ],
        "n_converged": 9999,
        "n_bootstrap": 10000
      },
      "1.5": {
        "d_a_ci": [
          1.8963002403442655,
          2.3849409368865113
        ],
        "d_a_se": 0.15679835092160546,
        "c_ci": [
          -2.763646113130452,
          -2.5805133892238468
        ],
        "auc_ci": [
          0.7398107563364766,
          0.7619227443719495
        ],
        "n_converged": 10000,
        "n_bootstrap": 10000
      },