{
  "llama3_instruct": {
    "temperatures": [
      0.3,
      0.5,
      0.7,
      1.0
    ],
    "meta_ds": [
      1.483529779204027,
      1.4246431261354418,
      1.469741540289491,
      1.3617911444199335
    ],
    "dprimes": [
      1.3258990354535216,
      1.312486305800118,
      1.399378894959686,
      1.3860465799180686
    ],
    "rho_metad": -0.7999999999999999,
    "p_metad": 0.2000000000000001,
    "rho_dprime": 0.6000000000000001,
    "p_dprime": 0.4,
    "meta_d_range": 0.12173863478409341,
    "tost_pass": "True",
    "relative_robust": "False"
  },
  "mistral_instruct": {
    "temperatures": [
      0.3,
      0.5,
      0.7,
      1.0
    ],
    "meta_ds": [
      1.4269921929744063,
      1.4775784002588546,
      1.3999170175287603,
      1.3609855352175515
    ],
    "dprimes": [
      1.4348865438395766,
      1.4897431107852401,
      1.5625779360186407,
      1.596943647575179
    ],
    "rho_metad": -0.7999999999999999,
    "p_metad": 0.2000000000000001,
    "rho_dprime": 1.0,
    "p_dprime": 0.0,
    "meta_d_range": 0.11659286504130306,
    "tost_pass": "True",
    "relative_robust": "True"
  },
  "llama3_base": {
    "temperatures": [
      0.3,
      0.5,
      0.7,
      1.0
    ],
    "meta_ds": [
      1.1098180295290898,
      1.1954502038649257,
      1.2287739820302426,
      1.4743096327148635
    ],
    "dprimes": [
      1.1736086974152664,
      1.2700398965844835,
      1.3183747546801698,
      1.407432908739699
    ],
    "rho_metad": 1.0,
    "p_metad": 0.0,
    "rho_dprime": 1.0,
    "p_dprime": 0.0,
    "meta_d_range": 0.36449160318577367,
    "tost_pass": "False",
    "relative_robust": "False"
  }
}